filename,answer
Js_2023040100.png,no
Js_2023040112.png,yes
Js_2023040200.png,yes
Js_2023040212.png,yes
Js_2023040300.png,yes
Js_2023040312.png,no
Js_2023040400.png,no
Js_2023040412.png,no
Js_2023040500.png,no
Js_2023040512.png,no
Js_2023040600.png,no
Js_2023040612.png,no
Js_2023040700.png,no
Js_2023040712.png,no
Js_2023040800.png,no
Js_2023040812.png,no
Js_2023040900.png,no
Js_2023040912.png,no
Js_2023041000.png,no
Js_2023041012.png,no
Js_2023041100.png,no
Js_2023041112.png,no
Js_2023041200.png,no
Js_2023041212.png,no
Js_2023041300.png,no
Js_2023041312.png,no
Js_2023041400.png,no
Js_2023041412.png,no
Js_2023041500.png,no
Js_2023041512.png,no
Js_2023041600.png,no
Js_2023041612.png,no
Js_2023041700.png,no
Js_2023041712.png,no
Js_2023041800.png,no
Js_2023041812.png,no
Js_2023041900.png,no
Js_2023041912.png,no
Js_2023042000.png,no
Js_2023042012.png,no
Js_2023042100.png,no
Js_2023042112.png,no
Js_2023042200.png,no
Js_2023042212.png,no
Js_2023042300.png,no
Js_2023042312.png,no
Js_2023042400.png,no
Js_2023042412.png,no
Js_2023042500.png,no
Js_2023042512.png,no
Js_2023042600.png,no
Js_2023042612.png,no
Js_2023042700.png,no
Js_2023042712.png,no
Js_2023042800.png,no
Js_2023042812.png,no
Js_2023042900.png,no
Js_2023042912.png,no
Js_2023043000.png,no
Js_2023043012.png,no
Js_2023050100.png,no
Js_2023050112.png,no
Js_2023050200.png,no
Js_2023050212.png,no
Js_2023050300.png,yes
Js_2023050312.png,no
Js_2023050400.png,no
Js_2023050412.png,no
Js_2023050500.png,no
Js_2023050512.png,no
Js_2023050600.png,no
Js_2023050612.png,no
Js_2023050700.png,no
Js_2023050712.png,yes
Js_2023050800.png,no
Js_2023050812.png,no
Js_2023050900.png,no
Js_2023050912.png,no
Js_2023051000.png,no
Js_2023051012.png,no
Js_2023051100.png,no
Js_2023051112.png,no
Js_2023051200.png,no
Js_2023051212.png,no
Js_2023051300.png,no
Js_2023051312.png,no
Js_2023051400.png,no
Js_2023051412.png,no
Js_2023051500.png,no
Js_2023051512.png,no
Js_2023051600.png,no
Js_2023051612.png,no
Js_2023051700.png,no
Js_2023051712.png,no
Js_2023051800.png,no
Js_2023051812.png,no
Js_2023051900.png,no
Js_2023051912.png,yes
Js_2023052000.png,yes
Js_2023052012.png,yes
Js_2023052100.png,yes
Js_2023052112.png,no
Js_2023052200.png,no
Js_2023052212.png,no
Js_2023052300.png,yes
Js_2023052312.png,yes
Js_2023052400.png,yes
Js_2023052412.png,no
Js_2023052500.png,no
Js_2023052512.png,no
Js_2023052600.png,no
Js_2023052612.png,no
Js_2023052700.png,no
Js_2023052712.png,no
Js_2023052800.png,no
Js_2023052812.png,no
Js_2023052900.png,no
Js_2023052912.png,no
Js_2023053000.png,no
Js_2023053012.png,no
Js_2023053100.png,no
Js_2023053112.png,no
Js_2023060100.png,no
Js_2023060112.png,no
Js_2023060200.png,no
Js_2023060212.png,no
Js_2023060300.png,no
Js_2023060312.png,no
Js_2023060400.png,no
Js_2023060412.png,no
Js_2023060500.png,no
Js_2023060512.png,no
Js_2023060600.png,no
Js_2023060612.png,no
Js_2023060700.png,no
Js_2023060712.png,no
Js_2023060800.png,unsure
Js_2023060812.png,yes
Js_2023060900.png,yes
Js_2023060912.png,yes
Js_2023061000.png,no
Js_2023061012.png,no
Js_2023061100.png,no
Js_2023061112.png,yes
Js_2023061200.png,no
Js_2023061212.png,no
Js_2023061300.png,no
Js_2023061312.png,no
Js_2023061400.png,no
Js_2023061412.png,no
Js_2023061500.png,no
Js_2023061512.png,no
Js_2023061600.png,no
Js_2023061612.png,no
Js_2023061700.png,no
Js_2023061712.png,no
Js_2023061800.png,no
Js_2023061812.png,no
Js_2023061900.png,no
Js_2023061912.png,no
Js_2023062000.png,no
Js_2023062012.png,no
Js_2023062100.png,no
Js_2023062112.png,no
Js_2023062200.png,no
Js_2023062212.png,yes
Js_2023062300.png,yes
Js_2023062312.png,yes
Js_2023062400.png,yes
Js_2023062412.png,yes
Js_2023062500.png,yes
Js_2023062512.png,yes
Js_2023062600.png,no
Js_2023062612.png,no
Js_2023062700.png,no
Js_2023062712.png,no
Js_2023062800.png,no
Js_2023062812.png,no
Js_2023062900.png,no
Js_2023062912.png,no
Js_2023063000.png,no
Js_2023063012.png,no
Js_2023070100.png,no
Js_2023070112.png,no
Js_2023070200.png,no
Js_2023070212.png,no
Js_2023070300.png,no
Js_2023070312.png,no
Js_2023070400.png,no
Js_2023070412.png,no
Js_2023070500.png,no
Js_2023070512.png,no
Js_2023070600.png,no
Js_2023070612.png,no
Js_2023070700.png,no
Js_2023070712.png,no
Js_2023070800.png,no
Js_2023070812.png,no
Js_2023070900.png,no
Js_2023070912.png,no
Js_2023071000.png,no
Js_2023071012.png,no
Js_2023071100.png,no
Js_2023071112.png,yes
Js_2023071200.png,yes
Js_2023071212.png,no
Js_2023071300.png,no
Js_2023071312.png,no
Js_2023071400.png,no
Js_2023071412.png,no
Js_2023071500.png,no
Js_2023071512.png,no
Js_2023071600.png,no
Js_2023071612.png,yes
Js_2023071700.png,yes
Js_2023071712.png,yes
Js_2023071800.png,yes
Js_2023071812.png,yes
Js_2023071900.png,yes
Js_2023071912.png,yes
Js_2023072000.png,no
Js_2023072012.png,no
Js_2023072100.png,yes
Js_2023072112.png,yes
Js_2023072200.png,yes
Js_2023072212.png,no
Js_2023072300.png,no
Js_2023072312.png,no
Js_2023072400.png,no
Js_2023072412.png,no
Js_2023072500.png,no
Js_2023072512.png,yes
Js_2023072600.png,yes
Js_2023072612.png,yes
Js_2023072700.png,no
Js_2023072712.png,no
Js_2023072800.png,no
Js_2023072812.png,yes
Js_2023072900.png,yes
Js_2023072912.png,no
Js_2023073000.png,no
Js_2023073012.png,no
Js_2023073100.png,no
Js_2023073112.png,no
Js_2023080100.png,no
Js_2023080112.png,no
Js_2023080200.png,no
Js_2023080212.png,no
Js_2023080300.png,no
Js_2023080312.png,no
Js_2023080400.png,no
Js_2023080412.png,no
Js_2023080500.png,no
Js_2023080512.png,no
Js_2023080600.png,no
Js_2023080612.png,no
Js_2023080700.png,yes
Js_2023080712.png,yes
Js_2023080800.png,yes
Js_2023080812.png,no
Js_2023080900.png,no
Js_2023080912.png,no
Js_2023081000.png,yes
Js_2023081012.png,yes
Js_2023081100.png,yes
Js_2023081112.png,yes
Js_2023081200.png,yes
Js_2023081212.png,yes
Js_2023081300.png,yes
Js_2023081312.png,yes
Js_2023081400.png,yes
Js_2023081412.png,yes
Js_2023081500.png,yes
Js_2023081512.png,yes
Js_2023081600.png,no
Js_2023081612.png,no
Js_2023081700.png,no
Js_2023081712.png,no
Js_2023081800.png,no
Js_2023081812.png,no
Js_2023081900.png,yes
Js_2023081912.png,yes
Js_2023082000.png,no
Js_2023082012.png,no
Js_2023082100.png,no
Js_2023082112.png,yes
Js_2023082200.png,yes
Js_2023082212.png,yes
Js_2023082300.png,no
Js_2023082312.png,no
Js_2023082400.png,no
Js_2023082412.png,no
Js_2023082500.png,no
Js_2023082512.png,no
Js_2023082600.png,no
Js_2023082612.png,no
Js_2023082700.png,no
Js_2023082712.png,no
Js_2023082800.png,no
Js_2023082812.png,no
Js_2023082900.png,yes
Js_2023082912.png,yes
Js_2023083000.png,yes
Js_2023083012.png,yes
Js_2023083100.png,no
Js_2023083112.png,no
Js_2023090100.png,no
Js_2023090112.png,no
Js_2023090200.png,no
Js_2023090212.png,no
Js_2023090300.png,no
Js_2023090312.png,no
Js_2023090400.png,yes
Js_2023090412.png,yes
Js_2023090500.png,no
Js_2023090512.png,no
Js_2023090600.png,no
Js_2023090612.png,no
Js_2023090700.png,no
Js_2023090712.png,no
Js_2023090800.png,no
Js_2023090812.png,no
Js_2023090900.png,no
Js_2023090912.png,no
Js_2023091000.png,no
Js_2023091012.png,no
Js_2023091100.png,no
Js_2023091112.png,no
Js_2023091200.png,no
Js_2023091212.png,no
Js_2023091300.png,no
Js_2023091312.png,no
Js_2023091400.png,no
Js_2023091412.png,no
Js_2023091500.png,no
Js_2023091512.png,no
Js_2023091600.png,no
Js_2023091612.png,no
Js_2023091700.png,no
Js_2023091712.png,no
Js_2023091800.png,no
Js_2023091812.png,yes
Js_2023091900.png,no
Js_2023091912.png,no
Js_2023092000.png,no
Js_2023092012.png,no
Js_2023092100.png,yes
Js_2023092112.png,no
Js_2023092200.png,no
Js_2023092212.png,yes
Js_2023092300.png,no
Js_2023092312.png,no
Js_2023092400.png,no
Js_2023092412.png,yes
Js_2023092500.png,yes
Js_2023092512.png,yes
Js_2023092600.png,no
Js_2023092612.png,no
Js_2023092700.png,yes
Js_2023092712.png,yes
Js_2023092800.png,yes
Js_2023092812.png,no
Js_2023092900.png,no
Js_2023092912.png,no
Js_2023093000.png,no
Js_2023093012.png,no
Js_2024040100.png,no
Js_2024040112.png,no
Js_2024040200.png,no
Js_2024040212.png,no
Js_2024040300.png,no
Js_2024040312.png,no
Js_2024040400.png,no
Js_2024040412.png,no
Js_2024040500.png,no
Js_2024040512.png,no
Js_2024040600.png,no
Js_2024040612.png,no
Js_2024040700.png,no
Js_2024040712.png,no
Js_2024040800.png,no
Js_2024040812.png,no
Js_2024040900.png,no
Js_2024040912.png,no
Js_2024041000.png,no
Js_2024041012.png,no
Js_2024041100.png,no
Js_2024041112.png,no
Js_2024041200.png,no
Js_2024041212.png,no
Js_2024041300.png,no
Js_2024041312.png,no
Js_2024041400.png,no
Js_2024041412.png,yes
Js_2024041500.png,yes
Js_2024041512.png,yes
Js_2024041600.png,no
Js_2024041612.png,no
Js_2024041700.png,no
Js_2024041712.png,no
Js_2024041800.png,no
Js_2024041812.png,no
Js_2024041900.png,no
Js_2024041912.png,no
Js_2024042000.png,no
Js_2024042012.png,no
Js_2024042100.png,no
Js_2024042112.png,no
Js_2024042200.png,no
Js_2024042212.png,yes
Js_2024042300.png,yes
Js_2024042312.png,yes
Js_2024042400.png,yes
Js_2024042412.png,no
Js_2024042500.png,no
Js_2024042512.png,no
Js_2024042600.png,no
Js_2024042612.png,no
Js_2024042700.png,no
Js_2024042712.png,no
Js_2024042800.png,no
Js_2024042812.png,no
Js_2024042900.png,no
Js_2024042912.png,yes
Js_2024043000.png,no
Js_2024043012.png,no
Js_2024050100.png,no
Js_2024050112.png,no
Js_2024050200.png,no
Js_2024050212.png,no
Js_2024050300.png,no
Js_2024050312.png,no
Js_2024050400.png,no
Js_2024050412.png,yes
Js_2024050500.png,no
Js_2024050512.png,no
Js_2024050600.png,no
Js_2024050612.png,no
Js_2024050700.png,no
Js_2024050712.png,no
Js_2024050800.png,no
Js_2024050812.png,no
Js_2024050900.png,yes
Js_2024050912.png,yes
Js_2024051000.png,no
Js_2024051012.png,no
Js_2024051100.png,no
Js_2024051112.png,no
Js_2024051200.png,no
Js_2024051212.png,no
Js_2024051300.png,no
Js_2024051312.png,no
Js_2024051400.png,no
Js_2024051412.png,no
Js_2024051500.png,no
Js_2024051512.png,no
Js_2024051600.png,no
Js_2024051612.png,no
Js_2024051700.png,no
Js_2024051712.png,no
Js_2024051800.png,no
Js_2024051812.png,no
Js_2024051900.png,no
Js_2024051912.png,no
Js_2024052000.png,no
Js_2024052012.png,no
Js_2024052100.png,no
Js_2024052112.png,no
Js_2024052200.png,no
Js_2024052212.png,no
Js_2024052300.png,no
Js_2024052312.png,no
Js_2024052400.png,no
Js_2024052412.png,no
Js_2024052500.png,no
Js_2024052512.png,no
Js_2024052600.png,no
Js_2024052612.png,no
Js_2024052700.png,no
Js_2024052712.png,no
Js_2024052800.png,no
Js_2024052812.png,no
Js_2024052900.png,no
Js_2024052912.png,no
Js_2024053000.png,no
Js_2024053012.png,no
Js_2024053100.png,yes
Js_2024053112.png,yes
Js_2024060100.png,yes
Js_2024060112.png,yes
Js_2024060200.png,yes
Js_2024060212.png,yes
Js_2024060300.png,yes
Js_2024060312.png,no
Js_2024060400.png,no
Js_2024060412.png,no
Js_2024060500.png,no
Js_2024060512.png,no
Js_2024060600.png,no
Js_2024060612.png,no
Js_2024060700.png,no
Js_2024060712.png,no
Js_2024060800.png,no
Js_2024060812.png,no
Js_2024060900.png,no
Js_2024060912.png,no
Js_2024061000.png,no
Js_2024061012.png,no
Js_2024061100.png,no
Js_2024061112.png,no
Js_2024061200.png,no
Js_2024061212.png,no
Js_2024061300.png,no
Js_2024061312.png,no
Js_2024061400.png,no
Js_2024061412.png,yes
Js_2024061500.png,yes
Js_2024061512.png,no
Js_2024061600.png,no
Js_2024061612.png,no
Js_2024061700.png,no
Js_2024061712.png,no
Js_2024061800.png,no
Js_2024061812.png,no
Js_2024061900.png,no
Js_2024061912.png,no
Js_2024062000.png,no
Js_2024062012.png,no
Js_2024062100.png,no
Js_2024062112.png,no
Js_2024062200.png,no
Js_2024062212.png,no
Js_2024062300.png,no
Js_2024062312.png,no
Js_2024062400.png,no
Js_2024062412.png,no
Js_2024062500.png,no
Js_2024062512.png,no
Js_2024062600.png,no
Js_2024062612.png,no
Js_2024062700.png,no
Js_2024062712.png,no
Js_2024062800.png,no
Js_2024062812.png,no
Js_2024062900.png,no
Js_2024062912.png,no
Js_2024063000.png,no
Js_2024063012.png,no
Js_2024070100.png,no
Js_2024070112.png,no
Js_2024070200.png,no
Js_2024070212.png,no
Js_2024070300.png,no
Js_2024070312.png,no
Js_2024070400.png,no
Js_2024070412.png,no
Js_2024070500.png,no
Js_2024070512.png,no
Js_2024070600.png,no
Js_2024070612.png,no
Js_2024070700.png,no
Js_2024070712.png,no
Js_2024070800.png,no
Js_2024070812.png,no
Js_2024070900.png,no
Js_2024070912.png,no
Js_2024071000.png,no
Js_2024071012.png,no
Js_2024071100.png,no
Js_2024071112.png,no
Js_2024071200.png,no
Js_2024071212.png,no
Js_2024071300.png,no
Js_2024071312.png,no
Js_2024071400.png,yes
Js_2024071412.png,no
Js_2024071500.png,no
Js_2024071512.png,no
Js_2024071600.png,no
Js_2024071612.png,no
Js_2024071700.png,no
Js_2024071712.png,no
Js_2024071800.png,yes
Js_2024071812.png,yes
Js_2024071900.png,no
Js_2024071912.png,no
Js_2024072000.png,no
Js_2024072012.png,no
Js_2024072100.png,no
Js_2024072112.png,no
Js_2024072200.png,no
Js_2024072212.png,no
Js_2024072300.png,no
Js_2024072312.png,no
Js_2024072400.png,no
Js_2024072412.png,no
Js_2024072500.png,no
Js_2024072512.png,no
Js_2024072600.png,yes
Js_2024072612.png,yes
Js_2024072700.png,yes
Js_2024072712.png,no
Js_2024072800.png,no
Js_2024072812.png,no
Js_2024072900.png,no
Js_2024072912.png,no
Js_2024073000.png,no
Js_2024073012.png,no
Js_2024073100.png,no
Js_2024073112.png,no
Js_2024080100.png,no
Js_2024080112.png,no
Js_2024080200.png,no
Js_2024080212.png,no
Js_2024080300.png,yes
Js_2024080312.png,yes
Js_2024080400.png,no
Js_2024080412.png,no
Js_2024080500.png,yes
Js_2024080512.png,yes
Js_2024080600.png,no
Js_2024080612.png,no
Js_2024080700.png,no
Js_2024080712.png,no
Js_2024080800.png,no
Js_2024080812.png,no
Js_2024080900.png,no
Js_2024080912.png,no
Js_2024081000.png,yes
Js_2024081012.png,yes
Js_2024081100.png,yes
Js_2024081112.png,no
Js_2024081200.png,no
Js_2024081212.png,no
Js_2024081300.png,no
Js_2024081312.png,no
Js_2024081400.png,no
Js_2024081412.png,no
Js_2024081500.png,no
Js_2024081512.png,no
Js_2024081600.png,yes
Js_2024081612.png,yes
Js_2024081700.png,yes
Js_2024081712.png,no
Js_2024081800.png,no
Js_2024081812.png,no
Js_2024081900.png,no
Js_2024081912.png,yes
Js_2024082000.png,yes
Js_2024082012.png,yes
Js_2024082100.png,yes
Js_2024082112.png,no
Js_2024082200.png,no
Js_2024082212.png,no
Js_2024082300.png,no
Js_2024082312.png,no
Js_2024082400.png,no
Js_2024082412.png,no
Js_2024082500.png,yes
Js_2024082512.png,yes
Js_2024082600.png,no
Js_2024082612.png,no
Js_2024082700.png,no
Js_2024082712.png,no
Js_2024082800.png,no
Js_2024082812.png,no
Js_2024082900.png,yes
Js_2024082912.png,no
Js_2024083000.png,no
Js_2024083012.png,no
Js_2024083100.png,no
Js_2024083112.png,no
Js_2024090100.png,no
Js_2024090112.png,no
Js_2024090200.png,no
Js_2024090212.png,no
Js_2024090300.png,no
Js_2024090312.png,yes
Js_2024090400.png,yes
Js_2024090412.png,no
Js_2024090500.png,no
Js_2024090512.png,no
Js_2024090600.png,no
Js_2024090612.png,no
Js_2024090700.png,no
Js_2024090712.png,no
Js_2024090800.png,no
Js_2024090812.png,no
Js_2024090900.png,no
Js_2024090912.png,yes
Js_2024091000.png,no
Js_2024091012.png,no
Js_2024091100.png,no
Js_2024091112.png,no
Js_2024091200.png,no
Js_2024091212.png,no
Js_2024091300.png,no
Js_2024091312.png,no
Js_2024091400.png,yes
Js_2024091412.png,no
Js_2024091500.png,no
Js_2024091512.png,no
Js_2024091600.png,no
Js_2024091612.png,no
Js_2024091700.png,no
Js_2024091712.png,no
Js_2024091800.png,no
Js_2024091812.png,no
Js_2024091900.png,no
Js_2024091912.png,no
Js_2024092000.png,no
Js_2024092012.png,no
Js_2024092100.png,no
Js_2024092112.png,no
Js_2024092200.png,yes
Js_2024092212.png,yes
Js_2024092300.png,yes
Js_2024092312.png,yes
Js_2024092400.png,yes
Js_2024092412.png,yes
Js_2024092500.png,yes
Js_2024092512.png,no
Js_2024092600.png,no
Js_2024092612.png,no
Js_2024092700.png,no
Js_2024092712.png,no
Js_2024092800.png,no
Js_2024092812.png,yes
Js_2024092900.png,yes
Js_2024092912.png,yes
Js_2024093000.png,yes
Js_2024093012.png,no
Js_2025040100.png,no
Js_2025040112.png,yes
Js_2025040200.png,yes
Js_2025040212.png,no
Js_2025040300.png,no
Js_2025040312.png,no
Js_2025040400.png,no
Js_2025040412.png,no
Js_2025040500.png,no
Js_2025040512.png,no
Js_2025040600.png,no
Js_2025040612.png,no
Js_2025040700.png,no
Js_2025040712.png,no
Js_2025040800.png,no
Js_2025040812.png,no
Js_2025040900.png,no
Js_2025040912.png,no
Js_2025041000.png,no
Js_2025041012.png,no
Js_2025041100.png,no
Js_2025041112.png,no
Js_2025041200.png,no
Js_2025041212.png,yes
Js_2025041300.png,yes
Js_2025041312.png,yes
Js_2025041400.png,yes
Js_2025041412.png,yes
Js_2025041500.png,no
Js_2025041512.png,no
Js_2025041600.png,no
Js_2025041612.png,no
Js_2025041700.png,no
Js_2025041712.png,no
Js_2025041800.png,yes
Js_2025041812.png,no
Js_2025041900.png,no
Js_2025041912.png,no
Js_2025042000.png,no
Js_2025042012.png,no
Js_2025042100.png,no
Js_2025042112.png,yes
Js_2025042200.png,yes
Js_2025042212.png,no
Js_2025042300.png,no
Js_2025042312.png,no
Js_2025042400.png,yes
Js_2025042412.png,yes
Js_2025042500.png,no
Js_2025042512.png,no
Js_2025042600.png,no
Js_2025042612.png,no
Js_2025042700.png,no
Js_2025042712.png,no
Js_2025042800.png,yes
Js_2025042812.png,yes
Js_2025042900.png,no
Js_2025042912.png,no
Js_2025043000.png,no
Js_2025043012.png,no
Js_2025050100.png,no
Js_2025050112.png,no
Js_2025050200.png,no
Js_2025050212.png,no
Js_2025050300.png,no
Js_2025050312.png,no
Js_2025050400.png,no
Js_2025050412.png,no
Js_2025050500.png,no
Js_2025050512.png,no
Js_2025050600.png,no
Js_2025050612.png,no
Js_2025050700.png,no
Js_2025050712.png,no
Js_2025050800.png,no
Js_2025050812.png,no
Js_2025050900.png,no
Js_2025050912.png,no
Js_2025051000.png,no
Js_2025051012.png,no
Js_2025051100.png,no
Js_2025051112.png,no
Js_2025051200.png,no
Js_2025051212.png,no
Js_2025051300.png,no
Js_2025051312.png,yes
Js_2025051400.png,yes
Js_2025051412.png,yes
Js_2025051500.png,no
Js_2025051512.png,no
Js_2025051600.png,no
Js_2025051612.png,no
Js_2025051700.png,no
Js_2025051712.png,no
Js_2025051800.png,no
Js_2025051812.png,no
Js_2025051900.png,no
Js_2025051912.png,no
Js_2025052000.png,no
Js_2025052012.png,no
Js_2025052100.png,no
Js_2025052112.png,no
Js_2025052200.png,no
Js_2025052212.png,no
Js_2025052300.png,no
Js_2025052312.png,no
Js_2025052400.png,no
Js_2025052412.png,no
Js_2025052500.png,no
Js_2025052512.png,no
Js_2025052600.png,no
Js_2025052612.png,no
Js_2025052700.png,no
Js_2025052712.png,no
Js_2025052800.png,no
Js_2025052812.png,no
Js_2025052900.png,no
Js_2025052912.png,no
Js_2025053000.png,yes
Js_2025053012.png,yes
Js_2025053100.png,yes
Js_2025053112.png,yes
Js_2025060100.png,no
Js_2025060112.png,no
Js_2025060200.png,no
Js_2025060212.png,no
Js_2025060300.png,no
Js_2025060312.png,no
Js_2025060400.png,no
Js_2025060412.png,no
Js_2025060500.png,no
Js_2025060512.png,no
Js_2025060600.png,no
Js_2025060612.png,no
Js_2025060700.png,no
Js_2025060712.png,no
Js_2025060800.png,no
Js_2025060812.png,no
Js_2025060900.png,no
Js_2025060912.png,no
Js_2025061000.png,yes
Js_2025061012.png,no
Js_2025061100.png,no
Js_2025061112.png,no
Js_2025061200.png,no
Js_2025061212.png,no
Js_2025061300.png,no
Js_2025061312.png,no
Js_2025061400.png,no
Js_2025061412.png,no
Js_2025061500.png,no
Js_2025061512.png,no
Js_2025061600.png,no
Js_2025061612.png,no
Js_2025061700.png,no
Js_2025061712.png,no
Js_2025061800.png,no
Js_2025061812.png,no
Js_2025061900.png,no
Js_2025061912.png,no
Js_2025062000.png,no
Js_2025062012.png,no
Js_2025062100.png,no
Js_2025062112.png,no
Js_2025062200.png,no
Js_2025062212.png,no
Js_2025062300.png,no
Js_2025062312.png,no
Js_2025062400.png,no
Js_2025062412.png,no
Js_2025062500.png,no
Js_2025062512.png,no
Js_2025062600.png,no
Js_2025062612.png,no
Js_2025062700.png,no
Js_2025062712.png,no
Js_2025062800.png,no
Js_2025062812.png,no
Js_2025062900.png,no
Js_2025062912.png,no
Js_2025063000.png,no
Js_2025063012.png,no
Js_2025070100.png,no
Js_2025070112.png,yes
Js_2025070200.png,yes
Js_2025070212.png,no
Js_2025070300.png,no
Js_2025070312.png,no
Js_2025070400.png,no
Js_2025070412.png,no
Js_2025070500.png,no
Js_2025070512.png,no
Js_2025070600.png,no
Js_2025070612.png,no
Js_2025070700.png,no
Js_2025070712.png,no
Js_2025070800.png,no
Js_2025070812.png,no
Js_2025070900.png,no
Js_2025070912.png,no
Js_2025071000.png,yes
Js_2025071012.png,yes
Js_2025071100.png,yes
Js_2025071112.png,yes
Js_2025071200.png,no
Js_2025071212.png,no
Js_2025071300.png,no
Js_2025071312.png,no
Js_2025071400.png,no
Js_2025071412.png,no
Js_2025071500.png,no
Js_2025071512.png,no
Js_2025071600.png,yes
Js_2025071612.png,no
Js_2025071700.png,no
Js_2025071712.png,no
Js_2025071800.png,no
Js_2025071812.png,no
Js_2025071900.png,no
Js_2025071912.png,no
Js_2025072000.png,no
Js_2025072012.png,no
Js_2025072100.png,no
Js_2025072112.png,no
Js_2025072200.png,no
Js_2025072212.png,no
Js_2025072300.png,no
Js_2025072312.png,no
Js_2025072400.png,no
Js_2025072412.png,no
Js_2025072500.png,no
Js_2025072512.png,no
Js_2025072600.png,no
Js_2025072612.png,no
Js_2025072700.png,no
Js_2025072712.png,no
Js_2025072800.png,no
Js_2025072812.png,no
Js_2025072900.png,no
Js_2025072912.png,no
Js_2025073000.png,no
Js_2025073012.png,no
Js_2025073100.png,no
Js_2025073112.png,no
Js_2025080100.png,no
Js_2025080112.png,no
Js_2025080200.png,no
Js_2025080212.png,no
Js_2025080300.png,no
Js_2025080312.png,no
Js_2025080400.png,yes
Js_2025080412.png,no
Js_2025080500.png,no
Js_2025080512.png,no
Js_2025080600.png,no
Js_2025080612.png,no
Js_2025080700.png,no
Js_2025080712.png,no
Js_2025080800.png,no
Js_2025080812.png,no
Js_2025080900.png,no
Js_2025080912.png,no
Js_2025081000.png,no
Js_2025081012.png,no
Js_2025081100.png,no
Js_2025081112.png,no
Js_2025081200.png,yes
Js_2025081212.png,yes
Js_2025081300.png,yes
Js_2025081312.png,yes
Js_2025081400.png,yes
Js_2025081412.png,no
Js_2025081500.png,no
Js_2025081512.png,no
Js_2025081600.png,no
Js_2025081612.png,no
Js_2025081700.png,no
Js_2025081712.png,no
Js_2025081800.png,no
Js_2025081812.png,no
Js_2025081900.png,no
Js_2025081912.png,no
Js_2025082000.png,no
Js_2025082012.png,no
Js_2025082100.png,no
Js_2025082112.png,no
Js_2025082200.png,no
Js_2025082212.png,no
Js_2025082300.png,no
Js_2025082312.png,no
Js_2025082400.png,yes
Js_2025082412.png,yes
Js_2025082500.png,yes
Js_2025082512.png,no
Js_2025082600.png,no
Js_2025082612.png,no
Js_2025082700.png,no
Js_2025082712.png,no
Js_2025082800.png,no
Js_2025082812.png,no
Js_2025082900.png,no
Js_2025082912.png,no
Js_2025083000.png,no
Js_2025083012.png,yes
Js_2025083100.png,yes
Js_2025083112.png,yes
Js_2025090100.png,no
Js_2025090112.png,no
Js_2025090200.png,no
Js_2025090212.png,no
Js_2025090300.png,no
Js_2025090312.png,no
Js_2025090400.png,yes
Js_2025090412.png,no
Js_2025090500.png,no
Js_2025090512.png,no
Js_2025090600.png,no
Js_2025090612.png,no
Js_2025090700.png,no
Js_2025090712.png,no
Js_2025090800.png,no
Js_2025090812.png,no
Js_2025090900.png,no
Js_2025090912.png,no
Js_2025091000.png,no
Js_2025091012.png,yes
Js_2025091100.png,yes
Js_2025091112.png,yes
Js_2025091200.png,yes
Js_2025091212.png,yes
Js_2025091300.png,no
Js_2025091312.png,no
Js_2025091400.png,no
Js_2025091412.png,no
Js_2025091500.png,no
Js_2025091512.png,no
Js_2025091600.png,no
Js_2025091612.png,no
Js_2025091700.png,no
Js_2025091712.png,no
Js_2025091800.png,no
Js_2025091812.png,no
Js_2025091900.png,no
Js_2025091912.png,no
Js_2025092000.png,no
Js_2025092012.png,no
Js_2025092100.png,no
Js_2025092112.png,no
Js_2025092200.png,no
Js_2025092212.png,no
Js_2025092300.png,no
Js_2025092312.png,yes
Js_2025092400.png,yes
Js_2025092412.png,yes
Js_2025092500.png,no
Js_2025092512.png,no
Js_2025092600.png,no
Js_2025092612.png,no
Js_2025092700.png,no
Js_2025092712.png,no
Js_2025092800.png,no
Js_2025092812.png,no
Js_2025092900.png,no
Js_2025092912.png,no
Js_2025093000.png,no
Js_2025093012.png,no
Js_2026040100.png,no
Js_2026040112.png,no
Js_2026040200.png,no
Js_2026040212.png,no
Js_2026040300.png,no
Js_2026040312.png,no
Js_2026040400.png,no
Js_2026040412.png,no
Js_2026040500.png,no
Js_2026040512.png,yes
Js_2026040600.png,yes
Js_2026040612.png,yes
Js_2026040700.png,no
Js_2026040712.png,no
Js_2026040800.png,no
Js_2026040812.png,no
Js_2026040900.png,no
Js_2026040912.png,no
Js_2026041000.png,yes
Js_2026041012.png,no
Js_2026041100.png,no
Js_2026041112.png,no
Js_2026041200.png,no
Js_2026041212.png,no
Js_2026041300.png,no
Js_2026041312.png,no
Js_2026041400.png,no
Js_2026041412.png,no
Js_2026041500.png,no
Js_2026041512.png,yes
Js_2026041600.png,yes
Js_2026041612.png,yes
Js_2026041700.png,no
Js_2026041712.png,no
Js_2026041800.png,no
Js_2026041812.png,no
Js_2026041900.png,no
Js_2026041912.png,yes
Js_2026042000.png,yes
Js_2026042012.png,no
Js_2026042100.png,no
Js_2026042112.png,no
Js_2026042200.png,no
Js_2026042212.png,no
Js_2026042300.png,no
Js_2026042312.png,yes
Js_2026042400.png,no
Js_2026042412.png,yes
Js_2026042500.png,no
Js_2026042512.png,no
Js_2026042600.png,no
Js_2026042612.png,no
Js_2026042700.png,no
Js_2026042712.png,no
Js_2026042800.png,no
Js_2026042812.png,no
Js_2026042900.png,no
Js_2026042912.png,no
Js_2026043000.png,no
Js_2026043012.png,no
